,1,2,3,4,5,6,7,8,9,10,11,12,13,14,15,16,17,18,19,20,21,22,23,24,25,26,27,28,29,30,31,32,33,34,35,36,37,38,39,40,41,42,43,44,45,46,47,48,49,50,51,52,53,54,55,56,57,58,59,60,61,62,63,64,65,66,67,68,69,70,71,72,73,74,75,76,77,78,79,80,81,82,83,84,85,86
0,"{209, 129}","{129, 210}","{129, 210}","{129, 211}","{129, 211}","{210, 130}","{208, 130}","{209, 130}","{208, 130}","{130, 207}","{130, 207}","{131, 207}","{131, 207}","{130, 207}","{130, 207}","{130, 207}","{130, 207}","{130, 207}","{130, 207}","{209, 131}","{209, 131}","{211, 131}","{132, 212}","{132, 213}","{133, 215}","{217, 132}","{217, 133}","{133, 215}","{212, 133}","{211, 133}","{211, 133}","{134, 206}","{202, 134}","{198, 135}","{136, 195}","{192, 136}","{136, 190}","{136, 190}","{136, 193}","{136, 191}","{136, 193}","{196, 135}","{196, 135}","{195, 134}","{195, 134}","{195, 134}","{195, 134}","{194, 134}","{194, 134}","{193, 134}","{195, 134}","{196, 135}","{197, 135}","{197, 135}","{197, 135}","{196, 135}","{197, 135}","{197, 135}","{198, 135}","{197, 135}","{134, 198}","{196, 135}","{136, 190}","{136, 189}","{136, 190}","{188, 135}","{190, 135}","{194, 135}","{200, 135}","{200, 135}","{201, 134}","{205, 133}","{208, 133}","{210, 132}","{132, 213}","{132, 213}","{131, 215}","{216, 131}","{216, 130}","{217, 130}","{130, 219}","{130, 220}","{130, 220}","{129, 221}","{129, 221}","{129, 221}"
1,"{209, 41}","{41, 207}","{40, 206}","{41, 205}","{41, 205}","{40, 204}","{40, 203}","{40, 202}","{40, 201}","{40, 201}","{200, 39}","{40, 199}","{40, 199}","{40, 199}","{40, 201}","{40, 201}","{40, 202}","{41, 202}","{41, 203}","{41, 202}","{201, 42}","{42, 198}","{43, 195}","{196, 44}","{196, 45}","{45, 198}","{45, 197}","{45, 198}","{197, 46}","{194, 46}","{46, 190}","{188, 46}","{185, 46}","{181, 47}","{179, 46}","{178, 46}","{178, 45}","{177, 44}","{177, 44}","{43, 174}","{43, 172}","{43, 171}","{42, 174}","{176, 42}","{176, 42}","{42, 175}","{176, 42}","{176, 41}","{177, 41}","{40, 177}","{177, 41}","{177, 41}","{42, 175}","{42, 174}","{177, 41}","{177, 42}","{178, 42}","{177, 42}","{177, 42}","{176, 43}","{178, 43}","{43, 179}","{43, 174}","{43, 175}","{178, 44}","{44, 181}","{44, 183}","{188, 44}","{195, 44}","{195, 44}","{196, 44}","{200, 43}","{202, 43}","{203, 44}","{43, 203}","{204, 44}","{44, 207}","{208, 44}","{210, 44}","{210, 44}","{212, 45}","{212, 45}","{212, 45}","{44, 213}","{44, 213}","{212, 44}"
2,"{426, 116}","{116, 428}","{116, 428}","{427, 116}","{427, 116}","{426, 116}","{425, 116}","{426, 116}","{425, 116}","{425, 116}","{425, 116}","{426, 116}","{426, 116}","{426, 116}","{426, 116}","{424, 116}","{424, 117}","{424, 117}","{426, 117}","{119, 431}","{120, 435}","{440, 121}","{440, 122}","{440, 122}","{122, 443}","{121, 444}","{120, 443}","{119, 439}","{116, 429}","{113, 415}","{397, 111}","{380, 109}","{362, 107}","{106, 350}","{344, 106}","{104, 342}","{104, 341}","{104, 338}","{105, 335}","{106, 332}","{106, 335}","{336, 106}","{337, 106}","{338, 106}","{338, 106}","{106, 339}","{106, 340}","{106, 340}","{106, 342}","{106, 342}","{106, 342}","{106, 343}","{345, 107}","{344, 107}","{107, 343}","{339, 108}","{339, 108}","{109, 341}","{339, 109}","{337, 110}","{337, 110}","{331, 110}","{331, 110}","{112, 340}","{354, 116}","{120, 378}","{124, 406}","{425, 127}","{130, 443}","{448, 131}","{448, 131}","{132, 446}","{445, 133}","{133, 446}","{132, 446}","{131, 447}","{449, 130}","{129, 453}","{453, 127}","{458, 123}","{120, 447}","{453, 119}","{117, 445}","{116, 446}","{116, 446}","{443, 116}"
3,"{57, 429}","{425, 57}","{57, 422}","{57, 420}","{57, 419}","{417, 57}","{57, 415}","{57, 413}","{57, 412}","{57, 411}","{56, 410}","{409, 57}","{56, 409}","{56, 409}","{57, 412}","{57, 411}","{57, 412}","{57, 413}","{56, 418}","{56, 420}","{417, 55}","{413, 55}","{410, 55}","{409, 55}","{413, 54}","{54, 414}","{411, 54}","{53, 413}","{54, 415}","{416, 54}","{54, 414}","{409, 53}","{52, 397}","{388, 52}","{368, 52}","{53, 358}","{348, 54}","{56, 333}","{56, 318}","{313, 54}","{54, 310}","{313, 54}","{315, 53}","{316, 53}","{316, 53}","{316, 52}","{52, 317}","{51, 319}","{320, 51}","{320, 51}","{51, 318}","{51, 317}","{51, 317}","{51, 315}","{51, 315}","{313, 51}","{51, 311}","{313, 50}","{312, 50}","{312, 50}","{313, 49}","{48, 313}","{317, 47}","{331, 46}","{44, 350}","{41, 370}","{397, 38}","{36, 415}","{33, 452}","{32, 426}","{32, 418}","{32, 413}","{409, 33}","{34, 406}","{412, 36}","{424, 38}","{41, 430}","{44, 421}","{425, 47}","{49, 428}","{432, 51}","{426, 53}","{428, 54}","{56, 433}","{433, 57}","{57, 427}"
4,"{608, 105}","{609, 105}","{608, 105}","{608, 105}","{105, 610}","{608, 105}","{105, 607}","{105, 607}","{105, 606}","{105, 606}","{105, 604}","{105, 604}","{106, 605}","{105, 602}","{105, 606}","{105, 605}","{105, 605}","{106, 604}","{602, 106}","{106, 582}","{104, 569}","{550, 103}","{512, 102}","{101, 463}","{99, 412}","{98, 366}","{96, 324}","{93, 294}","{88, 270}","{82, 237}","{80, 222}","{209, 75}","{200, 73}","{66, 196}","{64, 188}","{62, 183}","{186, 60}","{186, 59}","{60, 183}","{60, 191}","{188, 61}","{192, 63}","{190, 63}","{190, 63}","{193, 62}","{194, 62}","{64, 201}","{200, 65}","{200, 65}","{203, 63}","{201, 62}","{203, 63}","{67, 197}","{196, 69}","{193, 68}","{186, 68}","{64, 190}","{65, 190}","{67, 188}","{64, 188}","{193, 62}","{176, 59}","{60, 166}","{157, 71}","{83, 155}","{95, 167}","{186, 103}","{221, 110}","{265, 115}","{114, 301}","{113, 357}","{114, 420}","{115, 467}","{115, 518}","{114, 556}","{584, 114}","{114, 603}","{114, 615}","{112, 635}","{112, 629}","{624, 112}","{640, 111}","{650, 110}","{651, 109}","{107, 651}","{106, 638}"
5,"{67, 620}","{67, 614}","{67, 611}","{610, 67}","{610, 67}","{609, 67}","{67, 607}","{67, 605}","{67, 604}","{67, 604}","{602, 67}","{601, 67}","{601, 67}","{601, 67}","{601, 67}","{601, 67}","{601, 67}","{601, 67}","{67, 603}","{67, 604}","{66, 590}","{65, 582}","{65, 566}","{64, 553}","{64, 541}","{512, 63}","{472, 62}","{434, 61}","{59, 365}","{281, 66}","{257, 63}","{63, 239}","{65, 222}","{69, 189}","{162, 79}","{152, 81}","{86, 143}","{138, 93}","{101, 143}","{146, 106}","{106, 150}","{157, 102}","{100, 157}","{100, 156}","{155, 100}","{155, 101}","{157, 102}","{155, 101}","{100, 156}","{155, 100}","{154, 100}","{154, 102}","{155, 103}","{156, 103}","{155, 102}","{153, 102}","{102, 151}","{102, 151}","{149, 102}","{148, 102}","{144, 102}","{139, 102}","{100, 133}","{90, 132}","{137, 78}","{152, 63}","{51, 189}","{249, 47}","{42, 299}","{41, 346}","{365, 47}","{400, 49}","{50, 438}","{473, 52}","{508, 54}","{539, 55}","{57, 558}","{57, 565}","{58, 579}","{592, 59}","{602, 60}","{612, 61}","{62, 615}","{617, 63}","{64, 618}","{65, 622}"
6,"{636, 103}","{637, 103}","{638, 103}","{638, 103}","{638, 103}","{637, 103}","{636, 103}","{636, 103}","{635, 103}","{635, 103}","{634, 103}","{634, 103}","{632, 103}","{629, 103}","{629, 103}","{627, 103}","{627, 103}","{627, 103}","{103, 623}","{593, 102}","{577, 100}","{98, 541}","{96, 497}","{435, 94}","{90, 380}","{321, 90}","{277, 86}","{80, 245}","{75, 227}","{69, 197}","{69, 181}","{165, 63}","{156, 60}","{162, 53}","{160, 50}","{157, 46}","{45, 165}","{171, 44}","{170, 45}","{48, 169}","{50, 173}","{51, 174}","{176, 52}","{179, 52}","{51, 183}","{194, 54}","{56, 204}","{56, 203}","{56, 202}","{54, 207}","{202, 53}","{204, 55}","{57, 198}","{200, 58}","{193, 57}","{184, 55}","{53, 189}","{188, 54}","{189, 55}","{54, 191}","{195, 53}","{176, 48}","{161, 46}","{139, 60}","{120, 77}","{121, 87}","{121, 93}","{162, 102}","{208, 108}","{253, 110}","{331, 108}","{109, 398}","{110, 446}","{506, 110}","{547, 109}","{584, 109}","{610, 110}","{629, 110}","{109, 661}","{109, 669}","{650, 110}","{108, 669}","{690, 107}","{688, 106}","{105, 691}","{104, 669}"
7,"{71, 655}","{648, 70}","{644, 70}","{643, 70}","{642, 70}","{640, 70}","{70, 639}","{70, 638}","{637, 70}","{636, 70}","{635, 70}","{634, 70}","{634, 70}","{633, 70}","{635, 71}","{634, 71}","{634, 71}","{71, 639}","{641, 71}","{641, 70}","{620, 70}","{610, 70}","{587, 69}","{561, 68}","{540, 68}","{504, 68}","{67, 455}","{65, 406}","{304, 62}","{72, 212}","{196, 69}","{67, 175}","{72, 159}","{81, 134}","{123, 95}","{98, 111}","{104, 105}","{108, 117}","{123, 125}","{124, 134}","{123, 143}","{120, 148}","{150, 119}","{149, 118}","{148, 119}","{149, 119}","{119, 151}","{118, 151}","{118, 150}","{149, 118}","{118, 150}","{149, 118}","{153, 119}","{156, 119}","{156, 119}","{120, 155}","{120, 155}","{154, 119}","{120, 154}","{152, 119}","{120, 149}","{121, 142}","{129, 122}","{113, 115}","{98, 102}","{102, 71}","{128, 53}","{53, 183}","{50, 235}","{49, 287}","{55, 327}","{57, 372}","{417, 58}","{59, 459}","{60, 503}","{536, 61}","{62, 558}","{572, 62}","{590, 63}","{65, 609}","{624, 66}","{66, 639}","{67, 643}","{648, 67}","{67, 653}","{68, 663}"
8,"{662, 103}","{661, 103}","{662, 103}","{662, 103}","{662, 103}","{661, 103}","{660, 103}","{660, 103}","{658, 103}","{658, 103}","{656, 103}","{657, 103}","{653, 103}","{651, 103}","{654, 103}","{653, 103}","{652, 103}","{653, 103}","{103, 647}","{101, 614}","{99, 596}","{97, 557}","{514, 95}","{92, 453}","{88, 393}","{331, 87}","{83, 278}","{243, 77}","{72, 221}","{64, 194}","{174, 63}","{57, 162}","{152, 54}","{157, 46}","{42, 156}","{156, 39}","{165, 38}","{172, 37}","{172, 37}","{40, 175}","{42, 179}","{178, 44}","{44, 182}","{186, 44}","{43, 188}","{197, 46}","{48, 206}","{48, 206}","{206, 47}","{47, 207}","{204, 46}","{208, 47}","{49, 202}","{49, 202}","{200, 48}","{193, 47}","{197, 46}","{198, 47}","{50, 195}","{48, 198}","{205, 47}","{184, 42}","{163, 39}","{53, 135}","{107, 71}","{108, 85}","{112, 92}","{102, 143}","{109, 191}","{242, 109}","{329, 107}","{108, 407}","{109, 461}","{522, 109}","{109, 566}","{108, 605}","{634, 110}","{658, 110}","{692, 109}","{692, 109}","{109, 677}","{108, 701}","{721, 107}","{107, 723}","{713, 105}","{104, 693}"
9,"{677, 71}","{70, 670}","{666, 70}","{665, 71}","{665, 70}","{70, 663}","{70, 662}","{661, 70}","{660, 70}","{659, 70}","{658, 70}","{657, 70}","{657, 70}","{656, 70}","{660, 71}","{660, 71}","{660, 71}","{667, 71}","{672, 70}","{673, 70}","{650, 70}","{636, 69}","{610, 69}","{579, 69}","{69, 558}","{69, 518}","{468, 68}","{67, 413}","{62, 303}","{209, 68}","{65, 190}","{63, 167}","{69, 149}","{121, 82}","{116, 102}","{107, 101}","{98, 119}","{105, 127}","{123, 131}","{138, 132}","{130, 147}","{150, 127}","{125, 151}","{153, 125}","{152, 125}","{153, 125}","{155, 125}","{155, 124}","{123, 155}","{154, 123}","{154, 123}","{153, 124}","{124, 158}","{124, 159}","{160, 125}","{125, 159}","{125, 159}","{125, 159}","{125, 158}","{125, 157}","{154, 125}","{147, 127}","{128, 134}","{112, 122}","{89, 105}","{72, 83}","{113, 49}","{50, 171}","{49, 226}","{49, 283}","{55, 327}","{58, 382}","{433, 58}","{59, 477}","{520, 60}","{62, 551}","{572, 62}","{589, 62}","{63, 607}","{65, 629}","{66, 647}","{66, 663}","{665, 67}","{674, 67}","{67, 679}","{68, 685}"
10,"{104, 670}","{104, 669}","{104, 669}","{104, 669}","{104, 670}","{104, 668}","{104, 667}","{104, 667}","{104, 666}","{105, 666}","{665, 105}","{665, 105}","{104, 662}","{104, 658}","{104, 662}","{104, 662}","{104, 663}","{664, 104}","{104, 661}","{636, 103}","{616, 101}","{99, 590}","{96, 546}","{490, 95}","{433, 91}","{90, 374}","{314, 86}","{81, 278}","{252, 76}","{68, 221}","{200, 66}","{61, 191}","{178, 59}","{51, 174}","{173, 47}","{172, 44}","{43, 181}","{42, 187}","{41, 188}","{43, 199}","{195, 45}","{46, 198}","{46, 198}","{45, 199}","{200, 45}","{208, 48}","{217, 49}","{49, 218}","{48, 218}","{222, 47}","{45, 214}","{218, 47}","{216, 48}","{217, 49}","{210, 47}","{203, 46}","{210, 46}","{212, 47}","{210, 47}","{210, 46}","{46, 214}","{41, 195}","{41, 175}","{149, 54}","{125, 71}","{123, 84}","{124, 94}","{162, 109}","{216, 113}","{266, 110}","{108, 348}","{108, 437}","{110, 495}","{549, 111}","{596, 111}","{634, 111}","{112, 663}","{112, 674}","{701, 110}","{709, 110}","{111, 687}","{110, 703}","{108, 726}","{728, 108}","{106, 724}","{704, 106}"
11,"{69, 686}","{69, 678}","{675, 69}","{674, 69}","{673, 69}","{69, 671}","{68, 670}","{69, 669}","{668, 69}","{667, 68}","{666, 68}","{666, 69}","{665, 68}","{665, 68}","{69, 669}","{668, 69}","{668, 69}","{676, 69}","{680, 69}","{69, 677}","{67, 655}","{67, 643}","{624, 66}","{66, 604}","{586, 67}","{545, 67}","{497, 67}","{441, 67}","{64, 342}","{257, 68}","{64, 227}","{64, 207}","{181, 70}","{82, 143}","{100, 133}","{105, 119}",{115},"{123, 118}","{138, 127}","{128, 149}","{156, 126}","{162, 124}","{122, 164}","{121, 163}","{161, 121}","{121, 162}","{122, 163}","{121, 165}","{120, 165}","{120, 164}","{120, 163}","{122, 159}","{122, 165}","{122, 167}","{122, 167}","{123, 166}","{162, 123}","{123, 164}","{123, 163}","{123, 163}","{123, 158}","{125, 151}","{138, 125}","{117, 118}","{97, 99}","{69, 101}","{48, 132}","{48, 203}","{45, 263}","{323, 47}","{360, 53}","{419, 54}","{467, 55}","{57, 508}","{58, 541}","{58, 573}","{59, 596}","{608, 59}","{626, 61}","{644, 61}","{656, 62}","{64, 668}","{672, 64}","{65, 683}","{65, 685}","{689, 66}"
12,{0},{0},{0},{0},{0},{0},{0},{0},{0},{0},{0},{0},{0},{0},{0},{0},{0},{0},{0},{0},{0},"{606, 71}","{586, 71}","{70, 550}","{520, 69}","{531, 70}","{432, 67}","{65, 387}","{60, 333}","{168, 86}",{0},"{57, 149}","{56, 165}","{57, 117}","{77, 39}","{72, 59}","{92, 60}",{76},"{91, 78}","{105, 85}","{105, 111}","{114, 117}","{114, 123}","{114, 118}","{120, 114}","{121, 116}","{113, 141}","{136, 111}","{113, 142}","{128, 114}","{114, 118}","{115, 119}","{115, 124}","{128, 113}","{113, 122}","{121, 114}","{115, 123}","{123, 116}","{114, 118}","{115, 110}","{116, 110}","{113, 117}","{128, 108}","{115, 109}",{0},{0},"{61, 150}",{0},"{58, 262}","{320, 50}","{46, 311}","{401, 61}","{444, 61}","{484, 62}","{62, 518}","{536, 63}","{64, 561}","{65, 574}","{65, 586}","{66, 597}",{0},{0},{0},{0},{0},{0}
13,{0},{0},{0},{0},{0},{0},{0},{0},{0},{0},{0},{0},{0},{0},{0},{0},{0},{0},{0},{0},{0},"{641, 69}","{619, 69}","{68, 589}","{69, 573}","{71, 551}","{469, 70}","{416, 70}","{67, 339}","{177, 79}",{0},"{150, 71}","{59, 173}","{129, 59}","{81, 66}","{74, 79}","{75, 93}","{105, 76}","{85, 111}","{104, 123}","{123, 125}","{152, 122}","{122, 148}","{137, 122}","{123, 132}","{146, 127}","{122, 158}","{122, 159}","{122, 150}","{123, 143}","{122, 133}","{124, 141}","{123, 156}","{123, 151}","{123, 147}","{123, 142}","{124, 140}","{125, 151}","{124, 148}","{140, 126}","{130, 126}","{113, 124}","{115, 107}","{136, 109}",{0},{0},"{40, 109}",{0},"{51, 219}","{306, 53}","{51, 319}","{60, 373}","{60, 421}","{61, 469}","{504, 62}","{528, 63}","{64, 555}","{576, 65}","{592, 66}","{608, 66}",{0},{0},{0},{0},{0},{0}
14,{0},{0},{0},{0},{0},{0},{0},{0},{0},{0},{0},{0},{0},{0},{0},{0},{0},{0},{0},{0},{0},"{652, 68}","{636, 68}","{67, 606}","{594, 68}","{563, 70}","{69, 487}","{433, 70}","{360, 68}","{195, 77}",{0},"{75, 179}","{65, 182}","{67, 141}","{90, 91}","{88, 92}","{92, 101}","{96, 109}","{106, 115}","{122, 123}","{123, 142}","{119, 167}","{161, 121}","{120, 150}","{121, 146}","{160, 125}","{122, 167}","{122, 171}","{162, 122}","{122, 157}","{121, 147}","{123, 155}","{122, 171}","{122, 163}","{160, 122}","{122, 155}","{152, 122}","{123, 164}","{161, 123}","{154, 124}","{145, 123}","{121, 127}","{107, 117}","{116, 134}",{0},{0},"{35, 117}",{0},"{224, 47}","{51, 309}","{50, 335}","{57, 380}","{58, 431}","{59, 477}","{514, 61}","{538, 62}","{63, 567}","{64, 590}","{65, 605}","{65, 621}",{0},{0},{0},{0},{0},{0}
15,{0},{0},{0},{0},{0},{0},{0},{0},{0},{0},{0},{0},{0},{0},{0},{0},{0},{0},{0},{0},{0},"{67, 659}","{67, 647}","{617, 67}","{68, 605}","{570, 69}","{68, 501}","{69, 446}","{68, 381}","{74, 214}",{0},"{210, 76}","{196, 70}","{73, 157}","{106, 99}","{113, 92}","{104, 114}","{110, 118}","{116, 127}","{121, 140}","{121, 158}","{179, 117}","{118, 174}","{117, 166}","{162, 119}","{122, 172}","{176, 119}","{184, 119}","{176, 119}","{171, 119}","{163, 118}","{168, 119}","{184, 119}","{120, 175}","{173, 119}","{169, 119}","{120, 167}","{120, 175}","{120, 174}","{121, 167}","{120, 158}","{118, 143}","{118, 111}","{120, 128}",{0},{0},"{130, 35}",{0},"{236, 44}","{48, 315}","{49, 354}","{395, 55}","{56, 444}","{490, 58}","{59, 527}","{61, 550}","{579, 62}","{604, 63}","{616, 63}","{632, 64}",{0},{0},{0},{0},{0},{0}
16,{0},{0},{0},{0},{0},{0},{0},{0},{0},{0},{0},{0},{0},{0},{0},{0},{0},{0},{0},{0},{0},"{66, 660}","{67, 651}","{67, 623}","{608, 67}","{576, 68}","{512, 67}","{458, 67}","{66, 403}","{73, 231}",{0},"{75, 237}","{74, 214}","{78, 175}","{106, 119}","{136, 95}","{104, 138}","{109, 141}","{115, 148}","{118, 159}","{172, 118}","{113, 190}","{115, 187}","{114, 181}","{115, 179}","{185, 117}","{186, 116}","{115, 195}","{115, 191}","{186, 115}","{114, 179}","{114, 182}","{114, 195}","{186, 116}","{186, 115}","{114, 183}","{116, 181}","{186, 116}","{186, 116}","{179, 116}","{116, 172}","{115, 159}","{120, 118}","{121, 126}",{0},{0},"{144, 38}",{0},"{43, 255}","{323, 46}","{48, 374}","{53, 413}","{461, 55}","{56, 505}","{58, 541}","{59, 563}","{592, 60}","{61, 615}","{625, 62}","{62, 639}",{0},{0},{0},{0},{0},{0}
17,{0},{0},{0},{0},{0},{0},{0},{0},{0},{0},{0},{0},{0},{0},{0},{0},{0},{0},{0},{0},{0},"{72, 631}","{72, 607}","{72, 567}","{530, 71}","{528, 70}","{432, 69}","{378, 68}","{65, 318}","{80, 142}",{0},"{129, 53}","{56, 140}","{89, 59}","{42, 38}","{45, 46}","{52, 77}","{70, 55}","{105, 63}","{76, 118}","{122, 101}","{115, 124}","{123, 124}","{124, 118}","{121, 124}",{124},"{120, 143}","{136, 118}","{118, 151}","{122, 132}","{124, 118}","{121, 123}","{122, 124}","{120, 130}","{122, 124}","{123, 125}","{123, 127}","{123, 125}","{121, 122}","{124, 117}","{115, 124}","{124, 125}","{116, 132}","{121, 99}",{0},{0},"{128, 65}",{0},"{241, 61}","{312, 55}","{53, 319}","{63, 423}","{466, 63}","{64, 506}","{64, 539}","{64, 555}","{65, 581}","{593, 66}","{602, 66}","{67, 613}",{0},{0},{0},{0},{0},{0}
18,{0},{0},{0},{0},{0},{0},{0},{0},{0},{0},{0},{0},{0},{0},{0},{0},{0},{0},{0},{0},{0},"{680, 71}","{659, 71}","{616, 71}","{72, 593}","{72, 556}","{72, 479}","{433, 74}","{73, 334}","{65, 164}",{0},"{53, 134}","{139, 63}","{99, 63}","{81, 75}","{58, 119}","{64, 125}","{136, 75}","{137, 90}","{120, 141}","{139, 134}","{130, 173}","{170, 131}","{134, 158}","{137, 151}","{137, 162}","{129, 181}","{130, 180}","{131, 172}","{161, 134}","{152, 136}","{160, 135}","{177, 131}","{130, 173}","{170, 131}","{133, 166}","{164, 134}","{131, 173}","{131, 172}","{133, 166}","{154, 134}",{136},"{122, 131}","{130, 84}",{0},{0},"{89, 55}",{0},"{195, 55}","{59, 275}","{58, 324}","{412, 62}","{446, 63}","{64, 497}","{65, 531}","{553, 66}","{67, 581}","{602, 67}","{619, 68}","{627, 68}",{0},{0},{0},{0},{0},{0}
19,{0},{0},{0},{0},{0},{0},{0},{0},{0},{0},{0},{0},{0},{0},{0},{0},{0},{0},{0},{0},{0},"{70, 695}","{680, 70}","{634, 71}","{72, 611}","{568, 72}","{72, 501}","{73, 452}","{360, 74}","{185, 61}",{0},"{152, 63}","{149, 71}","{76, 110}","{89, 98}","{77, 119}","{130, 83}","{136, 93}","{139, 111}","{137, 140}","{134, 159}","{129, 187}","{184, 131}","{172, 133}","{136, 164}","{176, 135}","{129, 191}","{129, 196}","{186, 131}","{177, 133}","{135, 167}","{134, 174}","{194, 130}","{130, 188}","{185, 130}","{132, 180}","{178, 133}","{130, 187}","{187, 131}","{179, 132}","{169, 133}","{149, 134}","{130, 134}","{90, 123}",{0},{0},"{98, 52}",{0},"{210, 53}","{56, 270}","{338, 58}","{426, 60}","{61, 463}","{515, 62}","{64, 549}","{64, 569}","{65, 601}","{66, 621}","{66, 637}","{67, 647}",{0},{0},{0},{0},{0},{0}
20,{0},{0},{0},{0},{0},{0},{0},{0},{0},{0},{0},{0},{0},{0},{0},{0},{0},{0},{0},{0},{0},"{696, 68}","{684, 69}","{641, 70}","{618, 71}","{70, 575}","{516, 71}","{465, 71}","{384, 73}","{203, 61}",{0},"{184, 70}","{169, 77}","{84, 127}","{113, 99}","{97, 115}","{105, 126}","{114, 131}","{128, 136}","{152, 136}","{131, 172}","{125, 197}","{128, 196}","{129, 183}","{176, 132}","{186, 131}","{198, 127}","{206, 127}","{128, 195}","{129, 186}","{177, 130}","{184, 129}","{204, 126}","{197, 127}","{195, 127}","{128, 190}","{130, 187}","{197, 127}","{128, 196}","{128, 189}","{129, 178}","{130, 159}","{132, 134}","{117, 102}",{0},{0},"{49, 109}",{0},"{226, 50}","{52, 279}","{56, 353}","{58, 436}","{60, 477}","{529, 61}","{563, 62}","{581, 63}","{64, 613}","{64, 631}","{65, 646}","{65, 657}",{0},{0},{0},{0},{0},{0}
21,{0},{0},{0},{0},{0},{0},{0},{0},{0},{0},{0},{0},{0},{0},{0},{0},{0},{0},{0},{0},{0},"{688, 67}","{680, 68}","{641, 69}","{618, 70}","{69, 582}","{68, 527}","{474, 69}","{404, 70}","{64, 222}",{0},"{224, 73}","{80, 195}","{155, 87}","{109, 125}","{109, 125}","{129, 118}","{136, 122}","{147, 127}","{128, 166}","{124, 182}","{120, 206}","{122, 204}","{194, 123}","{188, 125}","{194, 124}","{202, 122}","{122, 213}","{122, 203}","{123, 197}","{124, 189}","{192, 122}","{120, 211}","{122, 205}","{122, 203}","{122, 199}","{194, 124}","{202, 122}","{202, 123}","{123, 197}","{185, 123}","{169, 124}","{130, 133}","{113, 114}",{0},{0},"{129, 50}",{0},"{48, 247}","{48, 298}","{371, 53}","{442, 55}","{57, 483}","{59, 533}","{569, 60}","{61, 583}","{619, 62}","{634, 62}","{650, 63}","{63, 655}",{0},{0},{0},{0},{0},{0}
22,{0},{0},{0},{0},{0},{0},{0},{0},{0},{0},{0},{0},{0},{0},{0},{0},{0},{0},{0},{0},{0},"{73, 649}","{624, 73}","{73, 583}","{73, 540}","{522, 71}","{71, 431}","{371, 70}","{306, 68}","{75, 131}",{0},"{48, 127}","{120, 55}","{67, 61}","{24, 55}","{28, 29}","{72, 44}","{44, 63}","{56, 121}","{77, 127}","{128, 101}","{112, 131}","{129, 123}","{130, 119}","{131, 125}","{129, 124}","{147, 124}","{136, 123}","{161, 121}","{134, 127}","{130, 119}","{128, 121}","{121, 131}","{123, 132}","{124, 127}","{128, 127}","{128, 130}","{128, 124}","{122, 127}","{121, 129}","{120, 129}","{136, 130}","{123, 140}","{123, 91}",{0},{0},"{65, 118}",{0},"{226, 61}","{56, 302}","{57, 333}","{434, 62}","{485, 63}","{64, 527}","{65, 559}","{576, 65}","{600, 66}","{610, 67}","{616, 66}","{67, 627}",{0},{0},{0},{0},{0},{0}
23,{0},{0},{0},{0},{0},{0},{0},{0},{0},{0},{0},{0},{0},{0},{0},{0},{0},{0},{0},{0},{0},"{72, 708}","{73, 687}","{73, 629}","{74, 595}","{73, 557}","{74, 491}","{73, 422}","{336, 71}","{49, 162}",{0},"{35, 149}","{75, 107}","{73, 67}","{66, 93}","{75, 151}","{88, 157}","{104, 162}","{124, 158}","{153, 156}","{142, 158}","{138, 203}","{194, 139}","{144, 183}","{179, 147}","{145, 182}","{203, 135}","{201, 135}","{136, 193}","{182, 143}","{177, 146}","{144, 183}","{136, 197}","{136, 195}","{137, 194}","{141, 191}","{188, 142}","{137, 191}","{136, 195}","{192, 137}","{177, 140}","{144, 167}","{153, 137}","{81, 115}",{0},{0},"{118, 63}",{0},"{233, 58}","{56, 298}","{59, 341}","{408, 60}","{61, 462}","{62, 502}","{537, 63}","{65, 571}","{65, 588}","{66, 604}","{66, 620}","{67, 636}",{0},{0},{0},{0},{0},{0}
24,{0},{0},{0},{0},{0},{0},{0},{0},{0},{0},{0},{0},{0},{0},{0},{0},{0},{0},{0},{0},{0},"{722, 71}","{709, 71}","{640, 72}","{73, 603}","{72, 561}","{513, 74}","{71, 431}","{72, 357}","{185, 44}",{0},"{160, 51}","{88, 116}","{97, 76}","{112, 89}","{90, 148}","{160, 110}","{163, 125}","{160, 145}","{156, 172}","{184, 143}","{137, 222}","{140, 213}","{144, 203}","{147, 197}","{146, 198}","{216, 136}","{136, 219}","{138, 213}","{202, 143}","{146, 197}","{200, 145}","{136, 217}","{137, 214}","{216, 138}","{211, 141}","{209, 143}","{209, 137}","{137, 215}","{137, 212}","{140, 197}","{184, 143}","{163, 139}","{112, 99}",{0},{0},"{128, 60}",{0},"{252, 55}","{52, 301}","{56, 354}","{418, 58}","{59, 471}","{513, 60}","{548, 61}","{579, 63}","{597, 63}","{64, 613}","{65, 630}","{67, 663}",{0},{0},{0},{0},{0},{0}
25,{0},{0},{0},{0},{0},{0},{0},{0},{0},{0},{0},{0},{0},{0},{0},{0},{0},{0},{0},{0},{0},"{720, 70}","{707, 70}","{642, 71}","{73, 605}","{563, 70}","{520, 72}","{442, 70}","{72, 377}","{47, 199}",{0},"{178, 63}","{91, 139}","{106, 100}","{106, 118}","{106, 142}","{153, 122}","{138, 156}","{155, 156}","{152, 178}","{139, 191}","{225, 134}","{136, 223}","{208, 140}","{202, 143}","{204, 141}","{217, 134}","{227, 133}","{136, 218}","{140, 205}","{200, 143}","{140, 205}","{224, 133}","{134, 222}","{221, 135}","{137, 215}","{139, 213}","{217, 135}","{221, 134}","{217, 134}","{200, 136}","{186, 139}","{160, 139}","{109, 111}",{0},{0},"{57, 140}",{0},"{268, 53}","{49, 310}","{54, 366}","{56, 426}","{474, 58}","{59, 518}","{553, 60}","{61, 583}","{601, 62}","{616, 63}","{634, 63}","{65, 669}",{0},{0},{0},{0},{0},{0}
26,{0},{0},{0},{0},{0},{0},{0},{0},{0},{0},{0},{0},{0},{0},{0},{0},{0},{0},{0},{0},{0},"{707, 69}","{692, 70}","{645, 71}","{71, 607}","{568, 68}","{69, 525}","{459, 69}","{395, 71}","{54, 214}",{0},"{216, 71}","{88, 171}","{100, 126}","{122, 123}","{128, 119}","{136, 129}","{139, 143}","{160, 142}","{140, 180}","{192, 130}","{128, 228}","{130, 221}","{209, 131}","{202, 134}","{203, 132}","{128, 215}","{225, 127}","{217, 129}","{209, 131}","{200, 133}","{202, 131}","{225, 127}","{128, 220}","{128, 220}","{130, 213}","{208, 132}","{129, 214}","{128, 218}","{128, 213}","{129, 198}","{184, 131}","{154, 135}","{121, 107}",{0},{0},"{152, 56}",{0},"{51, 276}","{322, 47}","{373, 54}","{432, 54}","{56, 477}","{58, 523}","{59, 558}","{585, 61}","{61, 607}","{620, 61}","{637, 62}","{648, 63}",{0},{0},{0},{0},{0},{0}
27,{0},{0},{0},{0},{0},{0},{0},{0},{0},{0},{0},{0},{0},{0},{0},{0},{0},{0},{0},{0},{0},{0},"{160, 902}","{909, 159}","{156, 925}","{922, 157}","{154, 939}","{153, 949}","{931, 155}","{156, 927}","{155, 934}","{937, 155}","{945, 153}","{945, 153}","{944, 153}","{945, 153}","{154, 939}","{938, 154}","{154, 941}","{154, 940}","{151, 959}","{964, 151}","{962, 151}","{151, 959}","{961, 151}",{0},{0},{0},{0},{0},{0},{0},{0},{0},{0},{0},"{986, 149}","{149, 982}","{992, 148}","{148, 991}","{992, 148}",{0},{0},"{154, 942}",{0},{0},{0},{0},"{155, 933}","{161, 894}","{881, 164}","{874, 166}","{872, 166}","{868, 167}",{0},{0},{0},{0},{0},{0},{0},{0},{0},{0},{0},{0}
28,{0},{0},{0},{0},{0},{0},{0},{0},{0},{0},{0},{0},{0},{0},{0},{0},{0},{0},{0},{0},{0},{0},"{160, 897}","{915, 157}","{928, 155}","{155, 927}","{154, 941}","{153, 949}","{155, 933}","{154, 935}","{154, 939}","{154, 940}","{153, 949}","{153, 947}","{153, 948}","{152, 947}","{152, 948}","{152, 948}","{152, 951}","{152, 955}","{963, 151}","{962, 151}","{151, 959}","{957, 151}","{958, 151}",{0},{0},{0},{0},{0},{0},{0},{0},{0},{0},{0},"{148, 996}","{1000, 147}","{1008, 147}","{1009, 147}","{146, 1012}",{0},{0},"{944, 153}",{0},{0},{0},{0},"{913, 158}","{161, 893}","{882, 163}","{873, 165}","{866, 167}","{866, 167}",{0},{0},{0},{0},{0},{0},{0},{0},{0},{0},{0},{0}
29,{0},{0},{0},{0},{0},{0},{0},{0},{0},{0},{0},{0},{0},{0},{0},{0},{0},{0},{0},{0},{0},{0},"{160, 893}","{157, 911}","{155, 924}","{921, 156}","{154, 933}","{153, 939}","{154, 932}","{937, 153}","{153, 942}","{945, 153}","{152, 951}","{152, 951}","{952, 152}","{151, 951}","{952, 151}","{952, 151}","{955, 151}","{151, 959}","{958, 151}","{955, 151}","{151, 951}","{948, 151}","{949, 151}",{0},{0},{0},{0},{0},{0},{0},{0},{0},{0},{0},"{986, 148}","{995, 147}","{1000, 147}","{1003, 147}","{1003, 147}",{0},{0},"{153, 938}",{0},{0},{0},{0},"{905, 158}","{162, 884}","{163, 878}","{868, 165}","{168, 859}","{168, 859}",{0},{0},{0},{0},{0},{0},{0},{0},{0},{0},{0},{0}
30,{0},{0},{0},{0},{0},{0},{0},{0},{0},{0},{0},{0},{0},{0},{0},{0},{0},{0},{0},{0},{0},{0},"{888, 160}","{904, 158}","{156, 916}","{914, 156}","{155, 924}","{928, 154}","{154, 932}","{153, 938}","{152, 945}","{152, 949}","{954, 151}","{954, 151}","{957, 151}","{956, 150}","{956, 150}","{956, 150}","{150, 958}","{960, 150}","{952, 151}","{947, 151}","{152, 943}","{152, 939}","{152, 940}",{0},{0},{0},{0},{0},{0},{0},{0},{0},{0},{0},"{149, 974}","{987, 148}","{147, 989}","{993, 147}","{147, 991}",{0},{0},"{153, 931}",{0},{0},{0},{0},"{899, 159}","{875, 163}","{872, 164}","{861, 166}","{169, 853}","{169, 852}",{0},{0},{0},{0},{0},{0},{0},{0},{0},{0},{0},{0}
31,{0},{0},{0},{0},{0},{0},{0},{0},{0},{0},{0},{0},{0},{0},{0},{0},{0},{0},{0},{0},{0},{0},"{160, 883}","{896, 158}","{906, 157}","{906, 157}","{912, 156}","{155, 917}","{153, 934}","{152, 938}","{947, 151}","{151, 951}","{957, 150}","{150, 958}","{960, 150}","{960, 150}","{149, 958}","{149, 958}","{150, 959}","{150, 958}","{945, 151}","{152, 940}","{152, 937}","{152, 932}","{152, 934}",{0},{0},{0},{0},{0},{0},{0},{0},{0},{0},{0},"{961, 150}","{976, 148}","{977, 148}","{148, 982}","{979, 148}",{0},{0},"{154, 923}",{0},{0},{0},{0},"{159, 895}","{867, 164}","{866, 164}","{167, 855}","{169, 847}","{170, 844}",{0},{0},{0},{0},{0},{0},{0},{0},{0},{0},{0},{0}
32,{0},{0},{0},{0},{0},{0},{0},{0},{0},{0},{0},{0},{0},{0},{0},{0},{0},{0},{0},{0},{0},{0},"{158, 911}","{917, 157}","{155, 935}","{930, 155}","{153, 946}","{152, 957}","{155, 935}","{155, 935}","{154, 941}","{154, 941}","{154, 943}","{944, 153}","{944, 153}","{945, 153}","{153, 942}","{153, 943}","{153, 946}","{153, 941}","{966, 151}","{150, 974}","{971, 150}","{150, 967}","{969, 150}",{0},{0},{0},{0},{0},{0},{0},{0},{0},{0},{0},"{148, 996}","{995, 148}","{1003, 147}","{148, 999}","{148, 997}",{0},{0},"{152, 950}",{0},{0},{0},{0},"{155, 934}","{161, 895}","{163, 885}","{164, 878}","{876, 165}","{166, 871}",{0},{0},{0},{0},{0},{0},{0},{0},{0},{0},{0},{0}
33,{0},{0},{0},{0},{0},{0},{0},{0},{0},{0},{0},{0},{0},{0},{0},{0},{0},{0},{0},{0},{0},{0},"{909, 158}","{156, 926}","{153, 946}","{154, 939}","{960, 151}","{150, 967}","{153, 948}","{152, 950}","{152, 954}","{152, 950}","{151, 959}","{152, 957}","{152, 956}","{955, 151}","{961, 151}","{151, 959}","{964, 150}","{150, 967}","{976, 149}","{149, 974}","{971, 150}","{970, 150}","{971, 149}",{0},{0},{0},{0},{0},{0},{0},{0},{0},{0},{0},"{147, 1006}","{1010, 146}","{146, 1013}","{146, 1012}","{147, 1005}",{0},{0},"{151, 959}",{0},{0},{0},{0},"{915, 157}","{161, 894}","{888, 162}","{163, 879}","{166, 870}","{867, 166}",{0},{0},{0},{0},{0},{0},{0},{0},{0},{0},{0},{0}
34,{0},{0},{0},{0},{0},{0},{0},{0},{0},{0},{0},{0},{0},{0},{0},{0},{0},{0},{0},{0},{0},{0},"{904, 158}","{921, 156}","{153, 941}","{154, 934}","{152, 954}","{960, 151}","{953, 151}","{955, 151}","{151, 959}","{957, 151}","{964, 150}","{964, 150}","{964, 150}","{963, 150}","{968, 149}","{150, 966}","{969, 149}","{973, 149}","{973, 149}","{969, 149}","{965, 150}","{963, 150}","{964, 150}",{0},{0},{0},{0},{0},{0},{0},{0},{0},{0},{0},"{994, 147}","{1008, 146}","{1009, 146}","{1009, 146}","{147, 998}",{0},{0},"{956, 151}",{0},{0},{0},{0},"{157, 910}","{162, 885}","{880, 162}","{869, 165}","{166, 862}","{860, 167}",{0},{0},{0},{0},{0},{0},{0},{0},{0},{0},{0},{0}
35,{0},{0},{0},{0},{0},{0},{0},{0},{0},{0},{0},{0},{0},{0},{0},{0},{0},{0},{0},{0},{0},{0},"{899, 158}","{914, 156}","{154, 931}","{154, 926}","{152, 941}","{949, 151}","{954, 151}","{955, 151}","{961, 150}","{960, 150}","{965, 150}","{150, 967}","{969, 149}","{149, 967}","{970, 149}","{969, 149}","{971, 149}","{973, 149}","{149, 966}","{960, 150}","{956, 150}","{954, 150}","{955, 150}",{0},{0},{0},{0},{0},{0},{0},{0},{0},{0},{0},"{148, 982}","{1002, 146}","{1001, 146}","{1002, 146}","{147, 988}",{0},{0},"{946, 151}",{0},{0},{0},{0},"{906, 157}","{162, 876}","{873, 163}","{861, 166}","{167, 855}","{168, 852}",{0},{0},{0},{0},{0},{0},{0},{0},{0},{0},{0},{0}
36,{0},{0},{0},{0},{0},{0},{0},{0},{0},{0},{0},{0},{0},{0},{0},{0},{0},{0},{0},{0},{0},{0},"{891, 159}","{157, 903}","{155, 917}","{912, 156}","{154, 924}","{153, 932}","{950, 151}","{151, 951}","{150, 959}","{960, 150}","{149, 966}","{968, 149}","{970, 149}","{968, 149}","{969, 148}","{968, 148}","{969, 149}","{969, 149}","{955, 150}","{949, 151}","{948, 151}","{945, 151}","{946, 151}",{0},{0},{0},{0},{0},{0},{0},{0},{0},{0},{0},"{969, 149}","{147, 991}","{147, 989}","{147, 990}","{979, 148}",{0},{0},"{153, 933}",{0},{0},{0},{0},"{900, 158}","{163, 868}","{866, 164}","{166, 854}","{848, 168}","{169, 845}",{0},{0},{0},{0},{0},{0},{0},{0},{0},{0},{0},{0}
37,{0},{0},{0},{0},{0},{0},{0},{0},{0},{0},{0},{0},{0},{0},{0},{0},{0},{0},{0},{0},{0},{0},"{916, 157}","{156, 924}","{154, 941}","{155, 934}","{944, 153}","{152, 958}","{937, 154}","{154, 939}","{944, 153}","{153, 943}","{153, 943}","{945, 153}","{945, 153}","{945, 153}","{944, 153}","{153, 943}","{152, 948}","{153, 941}","{970, 150}","{980, 149}","{976, 149}","{972, 150}","{973, 149}",{0},{0},{0},{0},{0},{0},{0},{0},{0},{0},{0},"{148, 996}","{1002, 147}","{147, 1007}","{1003, 147}","{148, 998}",{0},{0},"{152, 954}",{0},{0},{0},{0},"{929, 156}","{161, 895}","{162, 887}","{164, 879}","{164, 878}","{872, 166}",{0},{0},{0},{0},{0},{0},{0},{0},{0},{0},{0},{0}
38,{0},{0},{0},{0},{0},{0},{0},{0},{0},{0},{0},{0},{0},{0},{0},{0},{0},{0},{0},{0},{0},{0},"{909, 157}","{928, 155}","{153, 942}","{152, 951}","{958, 151}","{151, 959}","{152, 950}","{965, 150}","{150, 967}","{150, 966}","{971, 150}","{972, 150}","{972, 150}","{970, 150}","{972, 149}","{970, 149}","{149, 975}","{149, 975}","{148, 983}","{148, 983}","{148, 982}","{148, 981}","{148, 980}",{0},{0},{0},{0},{0},{0},{0},{0},{0},{0},{0},"{995, 147}","{147, 1005}","{147, 1005}","{147, 1005}","{147, 998}",{0},{0},"{955, 151}",{0},{0},{0},{0},"{915, 157}","{161, 890}","{162, 885}","{875, 164}","{865, 166}","{862, 167}",{0},{0},{0},{0},{0},{0},{0},{0},{0},{0},{0},{0}
39,{0},{0},{0},{0},{0},{0},{0},{0},{0},{0},{0},{0},{0},{0},{0},{0},{0},{0},{0},{0},{0},{0},"{158, 903}","{923, 155}","{936, 153}","{152, 949}","{952, 151}","{953, 151}","{957, 151}","{972, 149}","{149, 975}","{149, 974}","{980, 149}","{148, 981}","{148, 980}","{979, 148}","{148, 981}","{148, 980}","{148, 982}","{148, 980}","{148, 982}","{148, 981}","{148, 980}","{977, 148}","{977, 148}",{0},{0},{0},{0},{0},{0},{0},{0},{0},{0},{0},"{148, 981}","{147, 996}","{147, 999}","{1002, 146}","{148, 989}",{0},{0},"{151, 951}",{0},{0},{0},{0},"{912, 157}","{881, 162}","{874, 163}","{166, 863}","{858, 167}","{168, 855}",{0},{0},{0},{0},{0},{0},{0},{0},{0},{0},{0},{0}
40,{0},{0},{0},{0},{0},{0},{0},{0},{0},{0},{0},{0},{0},{0},{0},{0},{0},{0},{0},{0},{0},{0},"{897, 158}","{155, 917}","{154, 927}","{152, 940}","{152, 941}","{152, 945}","{150, 959}","{970, 149}","{973, 149}","{973, 149}","{148, 980}","{148, 983}","{984, 148}","{148, 981}","{147, 980}","{147, 981}","{148, 982}","{977, 148}","{148, 975}","{148, 973}","{148, 972}","{968, 149}","{968, 149}",{0},{0},{0},{0},{0},{0},{0},{0},{0},{0},{0},"{971, 149}","{147, 991}","{993, 147}","{146, 997}","{148, 981}",{0},{0},"{152, 940}",{0},{0},{0},{0},"{908, 157}","{873, 163}","{867, 164}","{856, 167}","{168, 851}","{848, 169}",{0},{0},{0},{0},{0},{0},{0},{0},{0},{0},{0},{0}
41,{0},{0},{0},{0},{0},{0},{0},{0},{0},{0},{0},{0},{0},{0},{0},{0},{0},{0},{0},{0},{0},{0},"{158, 894}","{906, 156}","{914, 155}","{922, 154}","{154, 919}","{152, 934}","{952, 150}","{962, 149}","{149, 967}","{970, 149}","{148, 975}","{979, 148}","{979, 148}","{978, 147}","{977, 147}","{977, 147}","{978, 147}","{971, 148}","{963, 149}","{149, 958}","{149, 958}","{954, 149}","{955, 149}",{0},{0},{0},{0},{0},{0},{0},{0},{0},{0},{0},"{149, 959}","{984, 147}","{984, 147}","{147, 989}","{148, 973}",{0},{0},"{929, 153}",{0},{0},{0},{0},"{157, 902}","{865, 163}","{164, 861}","{850, 167}","{169, 844}","{170, 842}",{0},{0},{0},{0},{0},{0},{0},{0},{0},{0},{0},{0}
