,1,2,3,4,5,6,7,8,9,10,11,12,13,14,15,16,17,18,19,20,21,22,23,24,25,26,27,28,29,30,31,32,33,34,35,36,37,38,39,40,41,42,43,44,45,46,47,48,49,50,51,52,53,54,55,56,57,58,59,60,61,62,63,64,65,66,67,68,69,70,71,72,73,74,75,76,77,78,79,80,81,82,83,84,85,86,87,88,89,90,91
0,"{193, 131}","{131, 191}","{131, 190}","{131, 189}","{131, 188}","{131, 188}","{131, 188}","{131, 188}","{131, 189}","{131, 189}","{131, 189}","{130, 187}","{130, 187}","{184, 131}","{131, 183}","{130, 182}","{130, 182}","{130, 180}","{129, 178}","{176, 128}","{172, 127}","{170, 126}","{169, 126}","{125, 167}","{125, 167}","{125, 165}","{125, 166}","{163, 125}","{161, 123}","{124, 159}","{124, 157}","{124, 156}","{124, 157}","{123, 158}","{123, 158}","{160, 123}","{160, 123}","{160, 123}","{123, 159}","{124, 158}","{124, 158}","{124, 156}","{124, 157}","{124, 157}","{156, 125}","{124, 156}","{124, 156}","{155, 125}","{155, 125}","{155, 125}","{156, 126}","{157, 126}","{161, 126}","{165, 127}","{166, 127}","{168, 128}","{129, 172}","{176, 130}","{129, 179}","{130, 181}","{130, 182}","{130, 183}","{185, 130}","{130, 188}","{130, 189}","{130, 190}","{130, 191}","{193, 130}","{194, 130}","{130, 195}","{130, 195}","{195, 131}","{130, 195}","{130, 195}","{130, 195}","{130, 195}","{194, 130}","{194, 130}","{193, 130}","{192, 130}","{130, 190}","{130, 188}","{130, 187}","{130, 187}","{186, 130}","{186, 130}","{129, 186}","{185, 130}","{185, 130}","{186, 130}","{130, 187}"
1,"{42, 204}","{41, 205}","{41, 206}","{41, 205}","{41, 206}","{41, 205}","{41, 206}","{41, 207}","{41, 207}","{208, 41}","{208, 41}","{209, 41}","{41, 210}","{40, 212}","{40, 212}","{40, 212}","{40, 212}","{40, 212}","{214, 39}","{216, 39}","{217, 38}","{218, 38}","{218, 38}","{217, 37}","{217, 37}","{216, 37}","{217, 37}","{218, 37}","{219, 37}","{219, 37}","{218, 36}","{218, 36}","{218, 36}","{217, 36}","{217, 36}","{217, 36}","{216, 37}","{216, 37}","{216, 37}","{216, 37}","{216, 37}","{216, 36}","{36, 215}","{36, 215}","{36, 215}","{36, 215}","{36, 215}","{36, 214}","{36, 214}","{212, 36}","{212, 36}","{212, 37}","{210, 37}","{209, 38}","{212, 38}","{211, 38}","{212, 39}","{211, 39}","{40, 211}","{40, 209}","{209, 41}","{208, 41}","{42, 207}","{42, 206}","{42, 204}","{42, 204}","{42, 204}","{42, 204}","{42, 203}","{42, 204}","{41, 205}","{41, 205}","{41, 206}","{41, 206}","{41, 206}","{41, 206}","{41, 206}","{41, 206}","{41, 206}","{41, 206}","{41, 207}","{41, 207}","{41, 207}","{209, 41}","{210, 42}","{42, 211}","{42, 213}","{42, 213}","{42, 213}","{43, 213}","{43, 212}"
2,"{411, 116}","{117, 405}","{403, 117}","{401, 117}","{401, 117}","{400, 117}","{400, 117}","{400, 118}","{403, 118}","{403, 119}","{402, 119}","{402, 119}","{402, 119}","{404, 118}","{410, 117}","{411, 117}","{411, 116}","{408, 116}","{403, 116}","{394, 115}","{385, 115}","{114, 379}","{378, 114}","{376, 114}","{114, 374}","{113, 373}","{113, 373}","{112, 373}","{112, 371}","{112, 369}","{366, 111}","{363, 111}","{364, 111}","{364, 111}","{365, 111}","{365, 111}","{366, 111}","{366, 111}","{366, 111}","{366, 111}","{366, 111}","{365, 111}","{365, 111}","{365, 111}","{365, 111}","{365, 111}","{112, 365}","{112, 364}","{112, 363}","{112, 363}","{112, 365}","{113, 370}","{377, 114}","{386, 115}","{393, 116}","{400, 118}","{404, 119}","{120, 409}","{121, 412}","{121, 412}","{121, 412}","{121, 410}","{120, 414}","{409, 118}","{411, 117}","{116, 412}","{116, 414}","{116, 415}","{417, 116}","{410, 118}","{405, 118}","{406, 119}","{118, 406}","{118, 406}","{405, 118}","{117, 405}","{408, 116}","{408, 116}","{116, 407}","{116, 406}","{402, 116}","{401, 117}","{400, 117}","{117, 398}","{117, 398}","{117, 399}","{401, 117}","{404, 117}","{117, 405}","{117, 406}","{117, 407}"
3,"{56, 410}","{408, 56}","{408, 56}","{56, 407}","{56, 407}","{56, 407}","{56, 406}","{56, 407}","{408, 56}","{56, 410}","{56, 410}","{56, 411}","{56, 413}","{56, 414}","{56, 415}","{56, 417}","{56, 419}","{421, 55}","{55, 423}","{425, 54}","{426, 54}","{428, 54}","{427, 54}","{425, 54}","{424, 54}","{54, 423}","{425, 54}","{425, 54}","{425, 54}","{425, 54}","{424, 53}","{53, 423}","{53, 423}","{53, 422}","{53, 422}","{53, 422}","{53, 423}","{53, 423}","{53, 423}","{53, 423}","{53, 423}","{53, 422}","{53, 421}","{53, 421}","{53, 421}","{54, 422}","{54, 422}","{53, 421}","{53, 421}","{420, 54}","{420, 54}","{419, 54}","{416, 54}","{54, 415}","{416, 54}","{54, 415}","{416, 55}","{414, 55}","{414, 55}","{56, 413}","{56, 412}","{56, 411}","{56, 410}","{56, 407}","{57, 406}","{56, 405}","{56, 406}","{56, 406}","{56, 406}","{56, 407}","{56, 409}","{56, 409}","{56, 410}","{56, 411}","{56, 411}","{56, 412}","{56, 412}","{56, 413}","{56, 413}","{56, 414}","{56, 413}","{56, 414}","{416, 56}","{57, 419}","{57, 420}","{58, 423}","{425, 58}","{426, 58}","{426, 58}","{425, 58}","{425, 58}"
4,"{106, 591}","{106, 583}","{585, 106}","{106, 587}","{585, 106}","{584, 106}","{106, 580}","{577, 105}","{104, 566}","{104, 537}","{104, 491}","{445, 103}","{393, 103}","{105, 356}","{312, 105}","{106, 263}","{106, 223}","{108, 181}","{165, 110}","{147, 110}","{109, 143}","{109, 143}","{150, 111}","{113, 151}","{154, 117}","{155, 118}","{120, 148}","{120, 146}","{144, 120}","{121, 135}","{117, 126}","{115, 124}","{114, 126}","{113, 125}","{113, 127}","{128, 112}","{112, 129}","{112, 127}","{113, 127}","{113, 127}","{128, 112}","{113, 127}","{128, 113}","{128, 113}","{129, 113}","{113, 130}","{113, 130}","{113, 130}","{128, 112}","{128, 113}","{129, 113}","{137, 111}","{109, 157}","{105, 196}","{236, 102}","{282, 101}","{326, 103}","{102, 366}","{101, 414}","{451, 102}","{102, 494}","{533, 103}","{560, 102}","{104, 573}","{104, 601}","{105, 604}","{106, 606}","{602, 106}","{107, 590}","{579, 108}","{108, 573}","{108, 574}","{578, 108}","{586, 108}","{107, 589}","{602, 107}","{107, 603}","{106, 597}","{592, 106}","{106, 588}","{105, 579}","{105, 579}","{105, 578}","{576, 105}","{576, 105}","{105, 578}","{584, 105}","{105, 594}","{105, 596}","{105, 597}","{105, 597}"
5,"{593, 67}","{592, 67}","{592, 67}","{67, 591}","{67, 591}","{67, 591}","{67, 591}","{67, 591}","{67, 589}","{67, 589}","{67, 588}","{67, 587}","{66, 587}","{66, 588}","{66, 588}","{66, 588}","{66, 589}","{66, 590}","{592, 66}","{593, 66}","{594, 66}","{66, 595}","{66, 596}","{66, 595}","{594, 66}","{593, 66}","{65, 593}","{65, 594}","{65, 591}","{65, 593}","{64, 593}","{64, 593}","{64, 593}","{64, 593}","{592, 64}","{64, 589}","{64, 589}","{64, 591}","{64, 593}","{64, 593}","{65, 593}","{64, 591}","{65, 590}","{65, 590}","{65, 590}","{65, 591}","{592, 65}","{65, 591}","{65, 591}","{65, 591}","{65, 591}","{592, 65}","{65, 589}","{65, 589}","{65, 589}","{65, 588}","{65, 588}","{66, 587}","{586, 66}","{584, 66}","{66, 583}","{66, 583}","{584, 66}","{585, 66}","{586, 67}","{586, 67}","{586, 67}","{67, 587}","{67, 587}","{67, 587}","{66, 588}","{66, 589}","{66, 590}","{66, 590}","{66, 591}","{66, 590}","{592, 66}","{592, 67}","{593, 67}","{592, 67}","{592, 67}","{68, 590}","{596, 68}","{601, 68}","{604, 69}","{69, 607}","{70, 606}","{70, 607}","{70, 607}","{605, 70}","{602, 70}"
6,"{616, 103}","{609, 103}","{611, 103}","{620, 103}","{103, 615}","{610, 103}","{604, 103}","{601, 102}","{100, 582}","{100, 540}","{481, 100}","{99, 421}","{352, 100}","{306, 102}","{104, 254}","{106, 207}","{107, 165}","{109, 127}","{110, 111}","{110, 94}","{90, 107}","{106, 92}","{98, 106}","{106, 99}","{101, 110}","{114, 101}","{96, 116}","{117, 95}","{89, 119}","{82, 122}","{121, 75}","{73, 119}","{116, 76}","{115, 77}","{114, 78}","{114, 79}","{80, 113}","{114, 77}","{114, 78}","{114, 78}","{114, 78}","{114, 77}","{115, 78}","{115, 78}","{116, 78}","{115, 79}","{115, 79}","{115, 79}","{115, 78}","{116, 76}","{116, 77}","{114, 86}","{107, 110}","{104, 145}","{99, 187}","{234, 98}","{97, 278}","{320, 97}","{96, 383}","{97, 426}","{489, 97}","{97, 549}","{578, 98}","{594, 101}","{102, 631}","{632, 102}","{634, 103}","{632, 103}","{616, 104}","{600, 105}","{105, 591}","{105, 595}","{608, 105}","{105, 618}","{105, 618}","{104, 630}","{104, 633}","{626, 103}","{618, 103}","{614, 103}","{602, 103}","{602, 103}","{602, 103}","{600, 103}","{601, 102}","{603, 102}","{613, 102}","{624, 101}","{627, 102}","{627, 102}","{627, 102}"
7,"{618, 71}","{618, 71}","{618, 71}","{618, 71}","{618, 71}","{617, 71}","{617, 71}","{617, 71}","{616, 71}","{616, 71}","{614, 71}","{612, 71}","{612, 71}","{613, 71}","{613, 71}","{613, 71}","{614, 71}","{71, 615}","{618, 71}","{618, 71}","{619, 70}","{70, 622}","{70, 623}","{620, 70}","{618, 70}","{619, 70}","{619, 70}","{619, 70}","{69, 614}","{69, 615}","{68, 613}","{611, 68}","{612, 68}","{611, 68}","{612, 68}","{609, 68}","{612, 68}","{616, 68}","{618, 69}","{620, 69}","{619, 69}","{618, 69}","{617, 69}","{617, 69}","{617, 69}","{617, 69}","{618, 69}","{617, 69}","{619, 69}","{619, 69}","{620, 69}","{69, 621}","{619, 69}","{618, 69}","{618, 69}","{616, 69}","{617, 70}","{70, 614}","{610, 70}","{610, 70}","{608, 70}","{610, 70}","{610, 70}","{612, 71}","{613, 71}","{613, 71}","{614, 71}","{613, 71}","{613, 71}","{613, 71}","{614, 71}","{70, 615}","{616, 70}","{70, 615}","{616, 70}","{616, 71}","{618, 71}","{619, 71}","{620, 71}","{620, 71}","{620, 71}","{72, 622}","{72, 626}","{72, 629}","{73, 631}","{73, 633}","{74, 631}","{74, 631}","{74, 630}","{74, 628}","{74, 628}"
8,"{642, 103}","{636, 103}","{638, 103}","{641, 103}","{103, 639}","{635, 103}","{627, 102}","{101, 623}","{602, 100}","{99, 556}","{497, 99}","{432, 98}","{99, 359}","{308, 101}","{104, 247}","{106, 198}","{108, 150}","{110, 111}","{112, 94}","{112, 76}","{109, 70}","{107, 75}","{106, 85}","{106, 84}","{85, 110}","{114, 85}","{116, 79}","{77, 119}","{120, 74}","{125, 63}","{57, 126}","{125, 55}","{121, 58}","{120, 58}","{59, 118}","{116, 61}","{116, 62}","{59, 117}","{59, 117}","{60, 117}","{60, 117}","{59, 118}","{59, 119}","{59, 119}","{60, 119}","{62, 119}","{61, 119}","{62, 119}","{60, 119}","{120, 59}","{122, 61}","{68, 119}","{112, 90}","{104, 130}","{99, 179}","{226, 98}","{97, 279}","{328, 96}","{95, 391}","{96, 439}","{96, 505}","{569, 97}","{98, 598}","{617, 101}","{102, 654}","{657, 102}","{658, 103}","{652, 103}","{104, 641}","{104, 623}","{105, 611}","{616, 105}","{104, 625}","{640, 105}","{104, 643}","{104, 657}","{104, 658}","{104, 650}","{643, 103}","{634, 103}","{622, 103}","{622, 103}","{624, 103}","{624, 103}","{102, 623}","{627, 102}","{637, 102}","{648, 102}","{651, 102}","{650, 102}","{649, 102}"
9,"{641, 71}","{640, 71}","{641, 71}","{641, 71}","{641, 71}","{641, 71}","{641, 71}","{641, 71}","{638, 71}","{638, 71}","{636, 71}","{633, 71}","{634, 71}","{634, 71}","{633, 71}","{633, 71}","{634, 71}","{636, 71}","{71, 639}","{638, 71}","{71, 639}","{641, 71}","{641, 71}","{638, 71}","{636, 71}","{638, 71}","{70, 638}","{70, 639}","{634, 70}","{635, 69}","{633, 69}","{632, 68}","{632, 68}","{68, 631}","{68, 631}","{628, 68}","{632, 69}","{636, 69}","{69, 639}","{640, 69}","{640, 69}","{69, 638}","{69, 637}","{69, 637}","{637, 70}","{70, 638}","{70, 639}","{70, 638}","{70, 639}","{640, 70}","{641, 70}","{641, 70}","{70, 639}","{69, 638}","{69, 638}","{636, 70}","{637, 70}","{633, 70}","{70, 631}","{629, 70}","{627, 70}","{629, 70}","{630, 71}","{633, 71}","{635, 71}","{635, 71}","{635, 71}","{635, 71}","{635, 71}","{635, 71}","{635, 71}","{637, 71}","{70, 638}","{70, 638}","{638, 71}","{638, 71}","{640, 71}","{71, 639}","{71, 639}","{640, 72}","{640, 72}","{72, 642}","{72, 647}","{72, 652}","{73, 653}","{74, 655}","{74, 652}","{74, 652}","{74, 653}","{649, 74}","{650, 74}"
10,"{105, 651}","{105, 644}","{105, 644}","{105, 647}","{105, 645}","{105, 643}","{104, 636}","{629, 103}","{616, 102}","{579, 102}","{524, 101}","{99, 469}","{99, 397}","{102, 351}","{284, 103}","{228, 103}","{104, 175}","{105, 130}","{106, 115}","{105, 98}","{92, 103}","{102, 95}","{105, 102}","{104, 102}","{105, 106}","{105, 110}","{113, 98}","{97, 115}","{92, 117}","{121, 82}","{75, 117}","{115, 71}","{113, 74}","{112, 75}","{77, 111}","{109, 78}","{80, 108}","{77, 110}","{109, 78}","{109, 78}","{109, 78}","{77, 110}","{77, 110}","{77, 110}","{78, 111}","{112, 78}","{112, 78}","{80, 111}","{78, 111}","{112, 76}","{114, 77}","{112, 85}",{108},"{102, 151}","{202, 99}","{98, 255}","{321, 98}","{369, 97}","{96, 433}","{97, 475}","{99, 533}","{586, 100}","{100, 614}","{628, 102}","{658, 103}","{104, 662}","{104, 667}","{105, 663}","{650, 106}","{633, 106}","{625, 107}","{626, 107}","{107, 630}","{107, 646}","{650, 107}","{105, 663}","{105, 663}","{105, 655}","{105, 650}","{104, 644}","{104, 633}","{104, 633}","{104, 633}","{632, 104}","{632, 104}","{104, 636}","{644, 103}","{653, 103}","{656, 104}","{656, 104}","{104, 655}"
11,"{649, 69}","{650, 69}","{650, 68}","{650, 68}","{650, 68}","{651, 68}","{650, 68}","{650, 68}","{68, 647}","{68, 647}","{68, 645}","{643, 68}","{642, 68}","{643, 68}","{642, 68}","{641, 69}","{642, 69}","{69, 645}","{648, 69}","{69, 647}","{648, 69}","{649, 69}","{650, 69}","{68, 647}","{68, 646}","{68, 646}","{68, 647}","{68, 647}","{642, 67}","{67, 644}","{642, 66}","{641, 66}","{642, 66}","{641, 66}","{66, 639}","{66, 635}","{66, 639}","{642, 67}","{67, 645}","{67, 646}","{67, 646}","{67, 646}","{67, 644}","{67, 644}","{67, 643}","{67, 644}","{67, 645}","{67, 644}","{67, 644}","{67, 645}","{67, 646}","{67, 647}","{67, 645}","{67, 643}","{67, 643}","{642, 68}","{643, 68}","{640, 68}","{68, 637}","{635, 68}","{633, 68}","{633, 68}","{633, 68}","{69, 637}","{69, 638}","{69, 639}","{69, 639}","{69, 639}","{69, 639}","{69, 639}","{640, 69}","{644, 68}","{68, 645}","{68, 645}","{68, 645}","{644, 68}","{68, 646}","{69, 647}","{69, 647}","{648, 69}","{648, 69}","{650, 69}","{653, 70}","{657, 70}","{657, 71}","{660, 71}","{72, 659}","{72, 660}","{72, 659}","{72, 659}","{72, 659}"
12,{0},{0},{0},{0},{0},{0},{0},{0},{0},{0},{0},{0},{0},{0},{0},{0},{0},{0},{0},{0},{0},{0},{0},{0},{0},{0},{0},{0},{0},{0},{0},{0},{0},{0},"{616, 69}",{0},"{68, 623}","{605, 70}","{602, 70}","{597, 70}","{597, 70}","{597, 70}","{595, 70}",{0},{0},{0},"{618, 68}",{0},{0},{0},{0},{0},{0},{0},{0},{0},{0},{0},{0},{0},{0},{0},"{618, 70}",{0},{0},{0},{0},{0},{0},{0},{0},{0},{0},{0},{0},"{628, 70}",{0},"{648, 70}",{0},{0},{0},{0},{0},{0},{0},{0},{0},{0},{0},{0},{0}
13,{0},{0},{0},{0},{0},{0},{0},{0},{0},{0},{0},{0},{0},{0},{0},{0},{0},{0},{0},{0},{0},{0},{0},{0},{0},{0},{0},{0},{0},{0},{0},{0},{0},{0},"{68, 639}",{0},"{68, 662}","{636, 68}","{628, 68}","{628, 68}","{68, 629}","{68, 629}","{627, 68}",{0},{0},{0},"{664, 70}",{0},{0},{0},{0},{0},{0},{0},{0},{0},{0},{0},{0},{0},{0},{0},"{656, 71}",{0},{0},{0},{0},{0},{0},{0},{0},{0},{0},{0},{0},"{665, 70}",{0},"{680, 70}",{0},{0},{0},{0},{0},{0},{0},{0},{0},{0},{0},{0},{0}
14,{0},{0},{0},{0},{0},{0},{0},{0},{0},{0},{0},{0},{0},{0},{0},{0},{0},{0},{0},{0},{0},{0},{0},{0},{0},{0},{0},{0},{0},{0},{0},{0},{0},{0},"{67, 654}",{0},"{664, 68}","{67, 647}","{67, 639}","{67, 637}","{67, 639}","{67, 636}","{634, 67}",{0},{0},{0},"{70, 671}",{0},{0},{0},{0},{0},{0},{0},{0},{0},{0},{0},{0},{0},{0},{0},"{70, 663}",{0},{0},{0},{0},{0},{0},{0},{0},{0},{0},{0},{0},"{672, 70}",{0},"{70, 678}",{0},{0},{0},{0},{0},{0},{0},{0},{0},{0},{0},{0},{0}
15,{0},{0},{0},{0},{0},{0},{0},{0},{0},{0},{0},{0},{0},{0},{0},{0},{0},{0},{0},{0},{0},{0},{0},{0},{0},{0},{0},{0},{0},{0},{0},{0},{0},{0},"{67, 661}",{0},"{660, 68}","{66, 653}","{66, 644}","{641, 66}","{66, 644}","{66, 639}","{66, 636}",{0},{0},{0},"{674, 70}",{0},{0},{0},{0},{0},{0},{0},{0},{0},{0},{0},{0},{0},{0},{0},"{665, 70}",{0},{0},{0},{0},{0},{0},{0},{0},{0},{0},{0},{0},"{674, 70}",{0},"{670, 71}",{0},{0},{0},{0},{0},{0},{0},{0},{0},{0},{0},{0},{0}
16,{0},{0},{0},{0},{0},{0},{0},{0},{0},{0},{0},{0},{0},{0},{0},{0},{0},{0},{0},{0},{0},{0},{0},{0},{0},{0},{0},{0},{0},{0},{0},{0},{0},{0},"{666, 67}",{0},"{68, 654}","{66, 653}","{65, 646}","{65, 642}","{65, 644}","{65, 639}","{65, 636}",{0},{0},{0},"{672, 69}",{0},{0},{0},{0},{0},{0},{0},{0},{0},{0},{0},{0},{0},{0},{0},"{69, 662}",{0},{0},{0},{0},{0},{0},{0},{0},{0},{0},{0},{0},"{70, 671}",{0},"{660, 71}",{0},{0},{0},{0},{0},{0},{0},{0},{0},{0},{0},{0},{0}
17,{0},{0},{0},{0},{0},{0},{0},{0},{0},{0},{0},{0},{0},{0},{0},{0},{0},{0},{0},{0},{0},{0},{0},{0},{0},{0},{0},{0},{0},{0},{0},{0},{0},{0},"{643, 70}",{0},"{643, 69}","{629, 71}","{624, 71}","{619, 71}","{618, 71}","{617, 71}","{71, 615}",{0},{0},{0},"{69, 639}",{0},{0},{0},{0},{0},{0},{0},{0},{0},{0},{0},{0},{0},{0},{0},"{635, 71}",{0},{0},{0},{0},{0},{0},{0},{0},{0},{0},{0},{0},"{643, 71}",{0},"{668, 71}",{0},{0},{0},{0},{0},{0},{0},{0},{0},{0},{0},{0},{0}
18,{0},{0},{0},{0},{0},{0},{0},{0},{0},{0},{0},{0},{0},{0},{0},{0},{0},{0},{0},{0},{0},{0},{0},{0},{0},{0},{0},{0},{0},{0},{0},{0},{0},{0},"{676, 70}",{0},"{70, 678}","{656, 71}","{652, 70}","{651, 70}","{70, 646}","{643, 70}","{70, 639}",{0},{0},{0},"{71, 695}",{0},{0},{0},{0},{0},{0},{0},{0},{0},{0},{0},{0},{0},{0},{0},"{72, 682}",{0},{0},{0},{0},{0},{0},{0},{0},{0},{0},{0},{0},"{71, 679}",{0},"{71, 711}",{0},{0},{0},{0},{0},{0},{0},{0},{0},{0},{0},{0},{0}
19,{0},{0},{0},{0},{0},{0},{0},{0},{0},{0},{0},{0},{0},{0},{0},{0},{0},{0},{0},{0},{0},{0},{0},{0},{0},{0},{0},{0},{0},{0},{0},{0},{0},{0},"{689, 69}",{0},"{682, 70}","{665, 70}","{665, 69}","{660, 69}","{69, 653}","{650, 69}","{68, 646}",{0},{0},{0},"{704, 71}",{0},{0},{0},{0},{0},{0},{0},{0},{0},{0},{0},{0},{0},{0},{0},"{693, 71}",{0},{0},{0},{0},{0},{0},{0},{0},{0},{0},{0},{0},"{689, 71}",{0},"{72, 709}",{0},{0},{0},{0},{0},{0},{0},{0},{0},{0},{0},{0},{0}
20,{0},{0},{0},{0},{0},{0},{0},{0},{0},{0},{0},{0},{0},{0},{0},{0},{0},{0},{0},{0},{0},{0},{0},{0},{0},{0},{0},{0},{0},{0},{0},{0},{0},{0},"{69, 687}",{0},"{677, 70}","{69, 671}","{68, 669}","{664, 68}","{658, 68}","{68, 653}","{649, 67}",{0},{0},{0},"{702, 71}",{0},{0},{0},{0},{0},{0},{0},{0},{0},{0},{0},{0},{0},{0},{0},"{692, 71}",{0},{0},{0},{0},{0},{0},{0},{0},{0},{0},{0},{0},"{690, 71}",{0},"{72, 700}",{0},{0},{0},{0},{0},{0},{0},{0},{0},{0},{0},{0},{0}
21,{0},{0},{0},{0},{0},{0},{0},{0},{0},{0},{0},{0},{0},{0},{0},{0},{0},{0},{0},{0},{0},{0},{0},{0},{0},{0},{0},{0},{0},{0},{0},{0},{0},{0},"{684, 68}",{0},"{665, 70}","{68, 670}","{67, 667}","{67, 662}","{67, 660}","{66, 654}","{650, 66}",{0},{0},{0},"{693, 70}",{0},{0},{0},{0},{0},{0},{0},{0},{0},{0},{0},{0},{0},{0},{0},"{682, 70}",{0},{0},{0},{0},{0},{0},{0},{0},{0},{0},{0},{0},"{685, 71}",{0},"{72, 679}",{0},{0},{0},{0},{0},{0},{0},{0},{0},{0},{0},{0},{0}
22,{0},{0},{0},{0},{0},{0},{0},{0},{0},{0},{0},{0},{0},{0},{0},{0},{0},{0},{0},{0},{0},{0},{0},{0},{0},{0},{0},{0},{0},{0},{0},{0},{0},{0},"{665, 71}",{0},"{69, 661}","{644, 71}","{641, 71}","{634, 71}","{634, 71}","{632, 71}","{628, 71}",{0},{0},{0},"{69, 662}",{0},{0},{0},{0},{0},{0},{0},{0},{0},{0},{0},{0},{0},{0},{0},"{72, 652}",{0},{0},{0},{0},{0},{0},{0},{0},{0},{0},{0},{0},"{72, 660}",{0},"{72, 689}",{0},{0},{0},{0},{0},{0},{0},{0},{0},{0},{0},{0},{0}
23,{0},{0},{0},{0},{0},{0},{0},{0},{0},{0},{0},{0},{0},{0},{0},{0},{0},{0},{0},{0},{0},{0},{0},{0},{0},{0},{0},{0},{0},{0},{0},{0},{0},{0},"{72, 714}",{0},"{688, 71}","{637, 71}","{638, 71}","{636, 71}","{624, 71}","{70, 623}","{619, 69}",{0},{0},{0},"{72, 725}",{0},{0},{0},{0},{0},{0},{0},{0},{0},{0},{0},{0},{0},{0},{0},"{73, 702}",{0},{0},{0},{0},{0},{0},{0},{0},{0},{0},{0},{0},"{73, 692}",{0},"{73, 739}",{0},{0},{0},{0},{0},{0},{0},{0},{0},{0},{0},{0},{0}
24,{0},{0},{0},{0},{0},{0},{0},{0},{0},{0},{0},{0},{0},{0},{0},{0},{0},{0},{0},{0},{0},{0},{0},{0},{0},{0},{0},{0},{0},{0},{0},{0},{0},{0},"{72, 715}",{0},"{71, 687}","{643, 70}","{651, 70}","{644, 70}","{632, 69}","{69, 631}","{627, 68}",{0},{0},{0},"{72, 735}",{0},{0},{0},{0},{0},{0},{0},{0},{0},{0},{0},{0},{0},{0},{0},"{712, 72}",{0},{0},{0},{0},{0},{0},{0},{0},{0},{0},{0},{0},"{73, 702}",{0},"{736, 73}",{0},{0},{0},{0},{0},{0},{0},{0},{0},{0},{0},{0},{0}
25,{0},{0},{0},{0},{0},{0},{0},{0},{0},{0},{0},{0},{0},{0},{0},{0},{0},{0},{0},{0},{0},{0},{0},{0},{0},{0},{0},{0},{0},{0},{0},{0},{0},{0},"{686, 71}",{0},"{676, 71}","{650, 69}","{656, 69}","{649, 68}","{640, 68}","{68, 637}","{633, 67}",{0},{0},{0},"{728, 71}",{0},{0},{0},{0},{0},{0},{0},{0},{0},{0},{0},{0},{0},{0},{0},"{72, 709}",{0},{0},{0},{0},{0},{0},{0},{0},{0},{0},{0},{0},"{73, 700}",{0},"{73, 721}",{0},{0},{0},{0},{0},{0},{0},{0},{0},{0},{0},{0},{0}
26,{0},{0},{0},{0},{0},{0},{0},{0},{0},{0},{0},{0},{0},{0},{0},{0},{0},{0},{0},{0},{0},{0},{0},{0},{0},{0},{0},{0},{0},{0},{0},{0},{0},{0},"{682, 70}",{0},"{71, 671}","{658, 68}","{660, 68}","{68, 653}","{648, 67}","{67, 644}","{642, 66}",{0},{0},{0},"{714, 71}",{0},{0},{0},{0},{0},{0},{0},{0},{0},{0},{0},{0},{0},{0},{0},"{696, 71}",{0},{0},{0},{0},{0},{0},{0},{0},{0},{0},{0},{0},"{72, 694}",{0},"{73, 702}",{0},{0},{0},{0},{0},{0},{0},{0},{0},{0},{0},{0},{0}
27,{0},{0},{0},{0},{0},{0},{0},{0},{0},"{161, 892}","{161, 895}","{896, 160}","{160, 899}","{159, 903}","{901, 159}","{161, 891}","{162, 883}","{161, 887}","{160, 890}","{891, 159}",{0},"{159, 887}","{160, 879}","{161, 876}","{161, 874}","{873, 161}","{162, 871}","{162, 870}","{160, 876}",{0},{0},{0},"{878, 159}","{160, 875}",{0},{0},{0},{0},{0},{0},{0},{0},{0},{0},{0},{0},{0},{0},"{163, 863}","{163, 861}","{163, 861}","{162, 868}","{880, 160}","{888, 159}","{893, 158}",{0},"{896, 158}","{896, 159}","{899, 159}","{160, 894}","{160, 891}",{0},{0},{0},{0},{0},{0},{0},{0},{0},{0},{0},{0},{0},{0},{0},{0},{0},{0},{0},{0},{0},{0},{0},{0},{0},{0},{0},{0},{0},{0}
28,{0},{0},{0},{0},{0},{0},{0},{0},{0},"{882, 163}","{889, 161}","{889, 161}","{162, 883}","{161, 890}","{161, 890}","{162, 882}","{162, 884}","{161, 885}","{161, 883}","{160, 882}",{0},"{882, 159}","{882, 159}","{880, 160}","{880, 160}","{880, 160}","{160, 879}","{160, 875}","{878, 159}",{0},{0},{0},"{881, 159}","{876, 159}",{0},{0},{0},{0},{0},{0},{0},{0},{0},{0},{0},{0},{0},{0},"{865, 162}","{163, 860}","{857, 163}","{163, 860}","{162, 868}","{160, 879}","{160, 882}",{0},"{159, 887}","{160, 886}","{888, 160}","{161, 884}","{161, 884}",{0},{0},{0},{0},{0},{0},{0},{0},{0},{0},{0},{0},{0},{0},{0},{0},{0},{0},{0},{0},{0},{0},{0},{0},{0},{0},{0},{0},{0},{0}
29,{0},{0},{0},{0},{0},{0},{0},{0},{0},"{163, 876}","{162, 882}","{162, 883}","{162, 878}","{881, 161}","{161, 882}","{881, 161}","{161, 884}","{160, 885}","{880, 160}","{160, 878}",{0},"{160, 877}","{880, 159}","{880, 159}","{880, 159}","{880, 159}","{878, 159}","{160, 873}","{160, 871}",{0},{0},{0},"{876, 159}","{874, 159}",{0},{0},{0},{0},{0},{0},{0},{0},{0},{0},{0},{0},{0},{0},"{160, 868}","{161, 863}","{162, 859}","{858, 163}","{162, 863}","{161, 871}","{160, 874}",{0},"{160, 879}","{161, 879}","{161, 879}","{162, 875}","{162, 875}",{0},{0},{0},{0},{0},{0},{0},{0},{0},{0},{0},{0},{0},{0},{0},{0},{0},{0},{0},{0},{0},{0},{0},{0},{0},{0},{0},{0},{0},{0}
30,{0},{0},{0},{0},{0},{0},{0},{0},{0},"{164, 870}","{162, 875}","{162, 878}","{162, 876}","{162, 875}","{162, 876}","{881, 161}","{160, 883}","{160, 883}","{160, 878}","{160, 876}",{0},"{874, 159}","{878, 159}","{158, 878}","{158, 878}","{158, 878}","{875, 159}","{160, 869}","{161, 863}",{0},{0},{0},"{159, 871}","{159, 871}",{0},{0},{0},{0},{0},{0},{0},{0},{0},{0},{0},{0},{0},{0},"{870, 159}","{160, 866}","{161, 862}","{857, 162}","{162, 860}","{865, 161}","{161, 868}",{0},"{872, 160}","{872, 161}","{162, 870}","{867, 163}","{867, 163}",{0},{0},{0},{0},{0},{0},{0},{0},{0},{0},{0},{0},{0},{0},{0},{0},{0},{0},{0},{0},{0},{0},{0},{0},{0},{0},{0},{0},{0},{0}
31,{0},{0},{0},{0},{0},{0},{0},{0},{0},"{864, 164}","{163, 869}","{873, 162}","{161, 875}","{162, 869}","{162, 870}","{160, 881}","{160, 882}","{882, 159}","{160, 877}","{875, 159}",{0},"{872, 159}","{874, 159}","{875, 158}","{875, 158}","{874, 158}","{870, 159}","{160, 865}","{161, 854}",{0},{0},{0},"{866, 159}","{868, 159}",{0},{0},{0},{0},{0},{0},{0},{0},{0},{0},{0},{0},{0},{0},"{158, 871}","{868, 159}","{864, 160}","{161, 858}","{161, 858}","{161, 859}","{864, 161}",{0},"{865, 161}","{161, 866}","{162, 863}","{163, 861}","{164, 860}",{0},{0},{0},{0},{0},{0},{0},{0},{0},{0},{0},{0},{0},{0},{0},{0},{0},{0},{0},{0},{0},{0},{0},{0},{0},{0},{0},{0},{0},{0}
32,{0},{0},{0},{0},{0},{0},{0},{0},{0},"{896, 161}","{160, 899}","{901, 159}","{902, 159}","{904, 159}","{902, 159}","{896, 160}","{162, 886}","{160, 890}","{896, 159}","{896, 158}",{0},"{893, 158}","{885, 159}","{160, 881}","{160, 879}","{160, 878}","{160, 876}","{872, 161}","{160, 876}",{0},{0},{0},"{884, 158}","{882, 159}",{0},{0},{0},{0},{0},{0},{0},{0},{0},{0},{0},{0},{0},{0},"{162, 867}","{865, 162}","{865, 162}","{873, 161}","{885, 159}","{891, 158}","{898, 157}",{0},"{157, 903}","{158, 903}","{158, 903}","{899, 159}","{160, 895}",{0},{0},{0},{0},{0},{0},{0},{0},{0},{0},{0},{0},{0},{0},{0},{0},{0},{0},{0},{0},{0},{0},{0},{0},{0},{0},{0},{0},{0},{0}
33,{0},{0},{0},{0},{0},{0},{0},{0},{0},"{161, 890}","{160, 893}","{899, 159}","{160, 894}","{160, 893}","{160, 895}","{161, 886}","{160, 890}","{160, 891}","{160, 885}","{160, 884}",{0},"{888, 158}","{891, 158}","{890, 158}","{889, 158}","{158, 887}","{883, 159}","{878, 159}","{160, 873}",{0},{0},{0},"{157, 887}","{884, 158}",{0},{0},{0},{0},{0},{0},{0},{0},{0},{0},{0},{0},{0},{0},"{161, 869}","{865, 162}","{162, 863}","{161, 868}","{160, 875}","{884, 159}","{891, 158}",{0},"{897, 157}","{898, 158}","{896, 158}","{159, 895}","{160, 891}",{0},{0},{0},{0},{0},{0},{0},{0},{0},{0},{0},{0},{0},{0},{0},{0},{0},{0},{0},{0},{0},{0},{0},{0},{0},{0},{0},{0},{0},{0}
34,{0},{0},{0},{0},{0},{0},{0},{0},{0},"{161, 883}","{888, 161}","{160, 893}","{160, 891}","{160, 886}","{160, 887}","{890, 159}","{891, 159}","{896, 158}","{893, 158}","{891, 158}",{0},"{892, 157}","{893, 157}","{890, 157}","{158, 886}","{882, 158}","{881, 158}","{874, 159}","{160, 867}",{0},{0},{0},"{883, 157}","{158, 878}",{0},{0},{0},{0},{0},{0},{0},{0},{0},{0},{0},{0},{0},{0},"{872, 159}","{160, 871}","{160, 868}","{160, 869}","{160, 873}","{880, 159}","{158, 886}",{0},"{890, 158}","{891, 158}","{888, 159}","{160, 886}","{161, 882}",{0},{0},{0},{0},{0},{0},{0},{0},{0},{0},{0},{0},{0},{0},{0},{0},{0},{0},{0},{0},{0},{0},{0},{0},{0},{0},{0},{0},{0},{0}
35,{0},{0},{0},{0},{0},{0},{0},{0},{0},"{162, 876}","{881, 161}","{160, 887}","{888, 160}","{880, 161}","{881, 161}","{890, 159}","{890, 159}","{893, 158}","{891, 158}","{891, 157}",{0},"{889, 157}","{157, 887}","{885, 157}","{880, 158}","{877, 158}","{876, 158}","{160, 868}","{161, 859}",{0},{0},{0},"{876, 158}","{873, 158}",{0},{0},{0},{0},{0},{0},{0},{0},{0},{0},{0},{0},{0},{0},"{873, 158}","{872, 159}","{870, 159}","{869, 159}","{159, 871}","{874, 159}","{880, 158}",{0},"{881, 159}","{883, 159}","{160, 879}","{160, 878}","{161, 874}",{0},{0},{0},{0},{0},{0},{0},{0},{0},{0},{0},{0},{0},{0},{0},{0},{0},{0},{0},{0},{0},{0},{0},{0},{0},{0},{0},{0},{0},{0}
36,{0},{0},{0},{0},{0},{0},{0},{0},{0},"{163, 869}","{873, 162}","{880, 160}","{160, 883}","{873, 161}","{161, 874}","{886, 159}","{888, 158}","{889, 158}","{885, 158}","{157, 887}",{0},"{883, 157}","{880, 157}","{157, 879}","{875, 158}","{872, 158}","{870, 159}","{160, 862}","{162, 852}",{0},{0},{0},"{869, 158}","{868, 158}",{0},{0},{0},{0},{0},{0},{0},{0},{0},{0},{0},{0},{0},{0},"{873, 158}","{158, 871}","{869, 158}","{867, 159}","{867, 159}","{160, 867}","{874, 159}",{0},"{872, 159}","{160, 874}","{161, 869}","{161, 868}","{865, 162}",{0},{0},{0},{0},{0},{0},{0},{0},{0},{0},{0},{0},{0},{0},{0},{0},{0},{0},{0},{0},{0},{0},{0},{0},{0},{0},{0},{0},{0},{0}
37,{0},{0},{0},{0},{0},{0},{0},{0},{0},"{896, 160}","{160, 899}","{901, 159}","{904, 159}","{159, 903}","{159, 903}","{901, 159}","{888, 161}","{160, 891}","{900, 158}","{900, 158}",{0},"{897, 157}","{888, 159}","{885, 159}","{882, 159}","{881, 159}","{160, 879}","{873, 161}","{160, 875}",{0},{0},{0},"{158, 886}","{885, 158}",{0},{0},{0},{0},{0},{0},{0},{0},{0},{0},{0},{0},{0},{0},"{161, 870}","{161, 869}","{161, 868}","{160, 877}","{888, 158}","{892, 158}","{899, 157}",{0},"{904, 157}","{904, 157}","{901, 158}","{899, 159}","{160, 893}",{0},{0},{0},{0},{0},{0},{0},{0},{0},{0},{0},{0},{0},{0},{0},{0},{0},{0},{0},{0},{0},{0},{0},{0},{0},{0},{0},{0},{0},{0}
38,{0},{0},{0},{0},{0},{0},{0},{0},{0},"{888, 161}","{160, 892}","{160, 894}","{159, 895}","{160, 892}","{898, 159}","{892, 159}","{897, 159}","{894, 159}","{888, 159}","{159, 887}",{0},"{157, 895}","{156, 900}","{156, 901}","{156, 900}","{890, 157}","{878, 159}","{880, 159}","{161, 866}",{0},{0},{0},"{157, 886}","{157, 887}",{0},{0},{0},{0},{0},{0},{0},{0},{0},{0},{0},{0},{0},{0},"{160, 870}","{865, 161}","{864, 161}","{160, 874}","{881, 159}","{158, 887}","{891, 158}",{0},"{893, 158}","{893, 158}","{891, 159}","{160, 889}","{161, 884}",{0},{0},{0},{0},{0},{0},{0},{0},{0},{0},{0},{0},{0},{0},{0},{0},{0},{0},{0},{0},{0},{0},{0},{0},{0},{0},{0},{0},{0},{0}
39,{0},{0},{0},{0},{0},{0},{0},{0},{0},"{161, 882}","{161, 886}","{888, 160}","{160, 889}","{160, 885}","{891, 159}","{891, 159}","{158, 895}","{896, 158}","{892, 158}","{898, 156}",{0},"{888, 157}","{884, 158}","{882, 158}","{159, 879}","{875, 159}","{874, 159}","{160, 868}","{161, 862}",{0},{0},{0},"{881, 157}","{870, 159}",{0},{0},{0},{0},{0},{0},{0},{0},{0},{0},{0},{0},{0},{0},"{160, 867}","{160, 867}","{160, 865}","{873, 159}","{877, 159}","{883, 158}","{885, 158}",{0},"{885, 158}","{886, 159}","{883, 159}","{160, 881}","{161, 875}",{0},{0},{0},{0},{0},{0},{0},{0},{0},{0},{0},{0},{0},{0},{0},{0},{0},{0},{0},{0},{0},{0},{0},{0},{0},{0},{0},{0},{0},{0}
40,{0},{0},{0},{0},{0},{0},{0},{0},{0},"{162, 875}","{161, 879}","{160, 883}","{160, 885}","{161, 878}","{160, 884}","{159, 887}","{890, 158}","{885, 159}","{884, 159}","{158, 887}",{0},"{880, 158}","{877, 158}","{875, 158}","{872, 159}","{870, 159}","{867, 159}","{160, 861}","{161, 855}",{0},{0},{0},"{874, 158}","{159, 863}",{0},{0},{0},{0},{0},{0},{0},{0},{0},{0},{0},{0},{0},{0},"{865, 159}","{866, 159}","{864, 160}","{869, 159}","{872, 159}","{876, 159}","{877, 158}",{0},"{876, 159}","{877, 159}","{160, 874}","{873, 161}","{162, 867}",{0},{0},{0},{0},{0},{0},{0},{0},{0},{0},{0},{0},{0},{0},{0},{0},{0},{0},{0},{0},{0},{0},{0},{0},{0},{0},{0},{0},{0},{0}
41,{0},{0},{0},{0},{0},{0},{0},{0},{0},"{162, 868}","{872, 162}","{161, 877}","{160, 881}","{161, 871}","{160, 876}","{882, 159}","{158, 886}","{881, 159}","{878, 159}","{881, 158}",{0},"{874, 158}","{159, 871}","{869, 159}","{867, 159}","{864, 160}","{160, 861}","{856, 161}","{848, 162}",{0},{0},{0},"{867, 158}","{860, 159}",{0},{0},{0},{0},{0},{0},{0},{0},{0},{0},{0},{0},{0},{0},"{866, 158}","{864, 159}","{159, 863}","{865, 159}","{866, 159}","{870, 159}","{159, 871}",{0},"{160, 869}","{160, 871}","{161, 866}","{161, 866}","{163, 860}",{0},{0},{0},{0},{0},{0},{0},{0},{0},{0},{0},{0},{0},{0},{0},{0},{0},{0},{0},{0},{0},{0},{0},{0},{0},{0},{0},{0},{0},{0}
